artist_name,artist_id,album_id,album_type,album_images,album_release_date,album_release_year,album_release_date_precision,danceability,energy,key,loudness,mode,speechiness,acousticness,instrumentalness,liveness,valence,tempo,track_id,analysis_url,time_signature,artists,available_markets,disc_number,duration_ms,explicit,track_href,track_name,preview_url,track_number,type,track_uri,is_local,external_urls.spotify,album_name,key_name,mode_name,key_mode
Crystal Castles,7K3zpFXBvPcvzhj7zlGJdO,60f7DBZ5BIKTlaGak6ooUU,album,,2016-08-19,2016,day,0.428,0.585,6,-11.289,1,0.038,0.301,0.461,0.0846,0.0397,148.141,2LMrqSBtKQ8dbWxBXUmM72,https://api.spotify.com/v1/audio-analysis/2LMrqSBtKQ8dbWxBXUmM72,4,,,1,152840,FALSE,https://api.spotify.com/v1/tracks/2LMrqSBtKQ8dbWxBXUmM72,Femen,https://p.scdn.co/mp3-preview/93b58001b783ba4eb9c295c13740e126106fbf44?cid=44d2bf313213443d937a4d3c616f0bdf,1,track,spotify:track:2LMrqSBtKQ8dbWxBXUmM72,FALSE,https://open.spotify.com/track/2LMrqSBtKQ8dbWxBXUmM72,Amnesty (I),F#,major,F# major
Crystal Castles,7K3zpFXBvPcvzhj7zlGJdO,60f7DBZ5BIKTlaGak6ooUU,album,,2016-08-19,2016,day,0.476,0.798,1,-6.699,1,0.229,0.00469,0.156,0.156,0.219,128.511,2tdfTvq5PrseNIZIuJyz2v,https://api.spotify.com/v1/audio-analysis/2tdfTvq5PrseNIZIuJyz2v,4,,,1,155106,FALSE,https://api.spotify.com/v1/tracks/2tdfTvq5PrseNIZIuJyz2v,Fleece,https://p.scdn.co/mp3-preview/f5bdc7eb1d63f88b588c07bd80a2c5557a88552c?cid=44d2bf313213443d937a4d3c616f0bdf,2,track,spotify:track:2tdfTvq5PrseNIZIuJyz2v,FALSE,https://open.spotify.com/track/2tdfTvq5PrseNIZIuJyz2v,Amnesty (I),C#,major,C# major
Crystal Castles,7K3zpFXBvPcvzhj7zlGJdO,60f7DBZ5BIKTlaGak6ooUU,album,,2016-08-19,2016,day,0.646,0.843,8,-6.644,0,0.131,0.018,0.0733,0.32,0.351,100.004,2mHngbc9wHeVuJr59VCV2h,https://api.spotify.com/v1/audio-analysis/2mHngbc9wHeVuJr59VCV2h,4,,,1,188333,FALSE,https://api.spotify.com/v1/tracks/2mHngbc9wHeVuJr59VCV2h,Char,https://p.scdn.co/mp3-preview/d6565eca087ba9e50bdc6975c45975b329930d72?cid=44d2bf313213443d937a4d3c616f0bdf,3,track,spotify:track:2mHngbc9wHeVuJr59VCV2h,FALSE,https://open.spotify.com/track/2mHngbc9wHeVuJr59VCV2h,Amnesty (I),G#,minor,G# minor
Crystal Castles,7K3zpFXBvPcvzhj7zlGJdO,60f7DBZ5BIKTlaGak6ooUU,album,,2016-08-19,2016,day,0.58,0.854,5,-8.516,0,0.175,0.00371,0.18,0.119,0.177,127.091,6YcfAU2P3KETyULHliTWXn,https://api.spotify.com/v1/audio-analysis/6YcfAU2P3KETyULHliTWXn,4,,,1,209080,FALSE,https://api.spotify.com/v1/tracks/6YcfAU2P3KETyULHliTWXn,Enth,https://p.scdn.co/mp3-preview/629d77f4d7c2ae5e8a5ea773d18bf71f006ab7e3?cid=44d2bf313213443d937a4d3c616f0bdf,4,track,spotify:track:6YcfAU2P3KETyULHliTWXn,FALSE,https://open.spotify.com/track/6YcfAU2P3KETyULHliTWXn,Amnesty (I),F,minor,F minor
Crystal Castles,7K3zpFXBvPcvzhj7zlGJdO,60f7DBZ5BIKTlaGak6ooUU,album,,2016-08-19,2016,day,0.565,0.66,11,-8.117,0,0.451,0.539,5.62e-6,0.243,0.638,73.563,11FTDESnUZnbttiZT3MNF2,https://api.spotify.com/v1/audio-analysis/11FTDESnUZnbttiZT3MNF2,4,,,1,150093,FALSE,https://api.spotify.com/v1/tracks/11FTDESnUZnbttiZT3MNF2,Sadist,https://p.scdn.co/mp3-preview/f6215d2a0ebb32fea89c99fb640e2d61e64488ed?cid=44d2bf313213443d937a4d3c616f0bdf,5,track,spotify:track:11FTDESnUZnbttiZT3MNF2,FALSE,https://open.spotify.com/track/11FTDESnUZnbttiZT3MNF2,Amnesty (I),B,minor,B minor
Crystal Castles,7K3zpFXBvPcvzhj7zlGJdO,60f7DBZ5BIKTlaGak6ooUU,album,,2016-08-19,2016,day,0.0976,0.833,7,-9.953,1,0.0846,0.275,0.691,0.232,0.165,80.506,17Gyli3xn2LFTtH7aJF2hI,https://api.spotify.com/v1/audio-analysis/17Gyli3xn2LFTtH7aJF2hI,3,,,1,115893,FALSE,https://api.spotify.com/v1/tracks/17Gyli3xn2LFTtH7aJF2hI,Teach Her How To Hunt,https://p.scdn.co/mp3-preview/914f1085c7bccf7769b5137070e76311422ba9fa?cid=44d2bf313213443d937a4d3c616f0bdf,6,track,spotify:track:17Gyli3xn2LFTtH7aJF2hI,FALSE,https://open.spotify.com/track/17Gyli3xn2LFTtH7aJF2hI,Amnesty (I),G,major,G major
Crystal Castles,7K3zpFXBvPcvzhj7zlGJdO,60f7DBZ5BIKTlaGak6ooUU,album,,2016-08-19,2016,day,0.444,0.542,8,-8.191,0,0.0312,0.019,0.623,0.0985,0.097,132.842,6jTpdkPWw4QT7VOgUYqrsK,https://api.spotify.com/v1/audio-analysis/6jTpdkPWw4QT7VOgUYqrsK,4,,,1,188960,FALSE,https://api.spotify.com/v1/tracks/6jTpdkPWw4QT7VOgUYqrsK,Chloroform,https://p.scdn.co/mp3-preview/3a5fbd5aa64fd6a8930d38ec2d267d0fc9453b4b?cid=44d2bf313213443d937a4d3c616f0bdf,7,track,spotify:track:6jTpdkPWw4QT7VOgUYqrsK,FALSE,https://open.spotify.com/track/6jTpdkPWw4QT7VOgUYqrsK,Amnesty (I),G#,minor,G# minor
Crystal Castles,7K3zpFXBvPcvzhj7zlGJdO,60f7DBZ5BIKTlaGak6ooUU,album,,2016-08-19,2016,day,0.469,0.814,1,-6.6,1,0.0648,0.00864,0.608,0.266,0.19,123.364,5fW86jOUa4U8EqYRWpNNa4,https://api.spotify.com/v1/audio-analysis/5fW86jOUa4U8EqYRWpNNa4,4,,,1,169160,FALSE,https://api.spotify.com/v1/tracks/5fW86jOUa4U8EqYRWpNNa4,Frail,https://p.scdn.co/mp3-preview/f75dacf8ac63d17417512b29d8559df5957f6b2d?cid=44d2bf313213443d937a4d3c616f0bdf,8,track,spotify:track:5fW86jOUa4U8EqYRWpNNa4,FALSE,https://open.spotify.com/track/5fW86jOUa4U8EqYRWpNNa4,Amnesty (I),C#,major,C# major
Crystal Castles,7K3zpFXBvPcvzhj7zlGJdO,60f7DBZ5BIKTlaGak6ooUU,album,,2016-08-19,2016,day,0.477,0.783,9,-7.946,0,0.045,1.77e-4,0.559,0.173,0.215,129.004,3gViuwP0HzumvGELo6ucL7,https://api.spotify.com/v1/audio-analysis/3gViuwP0HzumvGELo6ucL7,4,,,1,196493,FALSE,https://api.spotify.com/v1/tracks/3gViuwP0HzumvGELo6ucL7,Concrete,https://p.scdn.co/mp3-preview/7fe01595063825d098481de037117916c95d3047?cid=44d2bf313213443d937a4d3c616f0bdf,9,track,spotify:track:3gViuwP0HzumvGELo6ucL7,FALSE,https://open.spotify.com/track/3gViuwP0HzumvGELo6ucL7,Amnesty (I),A,minor,A minor
Crystal Castles,7K3zpFXBvPcvzhj7zlGJdO,60f7DBZ5BIKTlaGak6ooUU,album,,2016-08-19,2016,day,0.41,0.674,6,-8.868,0,0.43,0.138,0.004,0.173,0.263,100.161,2963ufsnHaEzxjyPovofh7,https://api.spotify.com/v1/audio-analysis/2963ufsnHaEzxjyPovofh7,4,,,1,247506,FALSE,https://api.spotify.com/v1/tracks/2963ufsnHaEzxjyPovofh7,Ornament,https://p.scdn.co/mp3-preview/9b0e4cd4c72241ac09fd27ef623138a14d9b5242?cid=44d2bf313213443d937a4d3c616f0bdf,10,track,spotify:track:2963ufsnHaEzxjyPovofh7,FALSE,https://open.spotify.com/track/2963ufsnHaEzxjyPovofh7,Amnesty (I),F#,minor,F# minor
Crystal Castles,7K3zpFXBvPcvzhj7zlGJdO,60f7DBZ5BIKTlaGak6ooUU,album,,2016-08-19,2016,day,0.206,0.543,6,-8.513,0,0.105,0.0483,0.138,0.0738,0.0837,196.825,10n83bsDQRYpTKaNjX4wAE,https://api.spotify.com/v1/audio-analysis/10n83bsDQRYpTKaNjX4wAE,3,,,1,225453,FALSE,https://api.spotify.com/v1/tracks/10n83bsDQRYpTKaNjX4wAE,Their Kindness Is Charade,https://p.scdn.co/mp3-preview/1e4d109e63fa85a39e6d1e217fafc46314073542?cid=44d2bf313213443d937a4d3c616f0bdf,11,track,spotify:track:10n83bsDQRYpTKaNjX4wAE,FALSE,https://open.spotify.com/track/10n83bsDQRYpTKaNjX4wAE,Amnesty (I),F#,minor,F# minor
Crystal Castles,7K3zpFXBvPcvzhj7zlGJdO,1NIfkZIYVAO6vnfmFOilHc,album,,2012-01-01,2012,day,0.437,0.649,11,-9.473,0,0.0675,0.0195,0.822,0.104,0.0417,130.169,3lfQVVHkh8vFPi7LraIlMR,https://api.spotify.com/v1/audio-analysis/3lfQVVHkh8vFPi7LraIlMR,4,,,1,295880,FALSE,https://api.spotify.com/v1/tracks/3lfQVVHkh8vFPi7LraIlMR,Plague,NA,1,track,spotify:track:3lfQVVHkh8vFPi7LraIlMR,FALSE,https://open.spotify.com/track/3lfQVVHkh8vFPi7LraIlMR,(III),B,minor,B minor
Crystal Castles,7K3zpFXBvPcvzhj7zlGJdO,1NIfkZIYVAO6vnfmFOilHc,album,,2012-01-01,2012,day,0.519,0.546,8,-9.368,1,0.0763,0.0827,0,0.133,0.0862,115.799,6E1YebXpPPtujMUljDNlOo,https://api.spotify.com/v1/audio-analysis/6E1YebXpPPtujMUljDNlOo,4,,,1,192000,FALSE,https://api.spotify.com/v1/tracks/6E1YebXpPPtujMUljDNlOo,Kerosene,NA,2,track,spotify:track:6E1YebXpPPtujMUljDNlOo,FALSE,https://open.spotify.com/track/6E1YebXpPPtujMUljDNlOo,(III),G#,major,G# major
Crystal Castles,7K3zpFXBvPcvzhj7zlGJdO,1NIfkZIYVAO6vnfmFOilHc,album,,2012-01-01,2012,day,0.396,0.626,0,-9.41,1,0.0515,0.00263,0.746,0.106,0.338,129.979,1gjF5BzRNNpY6OaRXF9L18,https://api.spotify.com/v1/audio-analysis/1gjF5BzRNNpY6OaRXF9L18,4,,,1,186626,FALSE,https://api.spotify.com/v1/tracks/1gjF5BzRNNpY6OaRXF9L18,Wrath Of God,NA,3,track,spotify:track:1gjF5BzRNNpY6OaRXF9L18,FALSE,https://open.spotify.com/track/1gjF5BzRNNpY6OaRXF9L18,(III),C,major,C major
Crystal Castles,7K3zpFXBvPcvzhj7zlGJdO,1NIfkZIYVAO6vnfmFOilHc,album,,2012-01-01,2012,day,0.656,0.829,4,-7.107,0,0.0459,0.0575,0.00783,0.137,0.576,124.64,3AFpIlNR4DEJ1WC7qyOHU8,https://api.spotify.com/v1/audio-analysis/3AFpIlNR4DEJ1WC7qyOHU8,4,,,1,156706,FALSE,https://api.spotify.com/v1/tracks/3AFpIlNR4DEJ1WC7qyOHU8,Affection,NA,4,track,spotify:track:3AFpIlNR4DEJ1WC7qyOHU8,FALSE,https://open.spotify.com/track/3AFpIlNR4DEJ1WC7qyOHU8,(III),E,minor,E minor
Crystal Castles,7K3zpFXBvPcvzhj7zlGJdO,1NIfkZIYVAO6vnfmFOilHc,album,,2012-01-01,2012,day,0.596,0.625,5,-7.62,0,0.0506,1.73e-4,0.00726,0.17,0.521,139.955,6AevYDd63Dt1A1IIbNwxfP,https://api.spotify.com/v1/audio-analysis/6AevYDd63Dt1A1IIbNwxfP,4,,,1,178800,FALSE,https://api.spotify.com/v1/tracks/6AevYDd63Dt1A1IIbNwxfP,Pale Flesh,NA,5,track,spotify:track:6AevYDd63Dt1A1IIbNwxfP,FALSE,https://open.spotify.com/track/6AevYDd63Dt1A1IIbNwxfP,(III),F,minor,F minor
Crystal Castles,7K3zpFXBvPcvzhj7zlGJdO,1NIfkZIYVAO6vnfmFOilHc,album,,2012-01-01,2012,day,0.44,0.801,1,-7.357,1,0.0342,5.25e-5,0.386,0.0732,0.3,135.017,3VcPns62t2aE2nJuu4Iaj8,https://api.spotify.com/v1/audio-analysis/3VcPns62t2aE2nJuu4Iaj8,4,,,1,207026,FALSE,https://api.spotify.com/v1/tracks/3VcPns62t2aE2nJuu4Iaj8,Sad Eyes,NA,6,track,spotify:track:3VcPns62t2aE2nJuu4Iaj8,FALSE,https://open.spotify.com/track/3VcPns62t2aE2nJuu4Iaj8,(III),C#,major,C# major
Crystal Castles,7K3zpFXBvPcvzhj7zlGJdO,1NIfkZIYVAO6vnfmFOilHc,album,,2012-01-01,2012,day,0.679,0.658,8,-5.981,1,0.607,0.619,0.85,0.191,0.782,122.504,6zmGmMfP6FsHvKwEonQjFU,https://api.spotify.com/v1/audio-analysis/6zmGmMfP6FsHvKwEonQjFU,4,,,1,106826,FALSE,https://api.spotify.com/v1/tracks/6zmGmMfP6FsHvKwEonQjFU,Insulin,NA,7,track,spotify:track:6zmGmMfP6FsHvKwEonQjFU,FALSE,https://open.spotify.com/track/6zmGmMfP6FsHvKwEonQjFU,(III),G#,major,G# major
Crystal Castles,7K3zpFXBvPcvzhj7zlGJdO,1NIfkZIYVAO6vnfmFOilHc,album,,2012-01-01,2012,day,0.522,0.914,7,-8.285,1,0.0379,1.64e-4,0.847,0.24,0.0364,137.939,26ZzSLUJMmYp5u1hDELEWH,https://api.spotify.com/v1/audio-analysis/26ZzSLUJMmYp5u1hDELEWH,3,,,1,184760,FALSE,https://api.spotify.com/v1/tracks/26ZzSLUJMmYp5u1hDELEWH,Transgender,NA,8,track,spotify:track:26ZzSLUJMmYp5u1hDELEWH,FALSE,https://open.spotify.com/track/26ZzSLUJMmYp5u1hDELEWH,(III),G,major,G major
Crystal Castles,7K3zpFXBvPcvzhj7zlGJdO,1NIfkZIYVAO6vnfmFOilHc,album,,2012-01-01,2012,day,0.717,0.735,6,-7.96,1,0.126,0.146,0.23,0.386,0.818,130.995,67cdrrKC32SfLTcYMPDfcK,https://api.spotify.com/v1/audio-analysis/67cdrrKC32SfLTcYMPDfcK,4,,,1,261653,FALSE,https://api.spotify.com/v1/tracks/67cdrrKC32SfLTcYMPDfcK,Violent Youth,NA,9,track,spotify:track:67cdrrKC32SfLTcYMPDfcK,FALSE,https://open.spotify.com/track/67cdrrKC32SfLTcYMPDfcK,(III),F#,major,F# major
Crystal Castles,7K3zpFXBvPcvzhj7zlGJdO,1NIfkZIYVAO6vnfmFOilHc,album,,2012-01-01,2012,day,0.84,0.33,4,-9.449,0,0.263,0.0942,0.0214,0.374,0.423,132.992,6xgqL1OGWgeWkVDmUDv3fR,https://api.spotify.com/v1/audio-analysis/6xgqL1OGWgeWkVDmUDv3fR,4,,,1,234506,FALSE,https://api.spotify.com/v1/tracks/6xgqL1OGWgeWkVDmUDv3fR,Telepath,NA,10,track,spotify:track:6xgqL1OGWgeWkVDmUDv3fR,FALSE,https://open.spotify.com/track/6xgqL1OGWgeWkVDmUDv3fR,(III),E,minor,E minor
Crystal Castles,7K3zpFXBvPcvzhj7zlGJdO,1NIfkZIYVAO6vnfmFOilHc,album,,2012-01-01,2012,day,0.524,0.777,7,-7.84,0,0.0495,0.0127,0.028,0.31,0.189,126.99,2VCYocQNzewllGaFs8BJSi,https://api.spotify.com/v1/audio-analysis/2VCYocQNzewllGaFs8BJSi,4,,,1,158480,FALSE,https://api.spotify.com/v1/tracks/2VCYocQNzewllGaFs8BJSi,Mercenary,NA,11,track,spotify:track:2VCYocQNzewllGaFs8BJSi,FALSE,https://open.spotify.com/track/2VCYocQNzewllGaFs8BJSi,(III),G,minor,G minor
Crystal Castles,7K3zpFXBvPcvzhj7zlGJdO,1NIfkZIYVAO6vnfmFOilHc,album,,2012-01-01,2012,day,0.305,0.312,7,-7.848,1,0.0348,0.193,0.879,0.139,0.0379,65.338,2rG0suHy1HWApXi9NZhw5o,https://api.spotify.com/v1/audio-analysis/2rG0suHy1HWApXi9NZhw5o,4,,,1,213000,FALSE,https://api.spotify.com/v1/tracks/2rG0suHy1HWApXi9NZhw5o,Child I Will Hurt You,NA,12,track,spotify:track:2rG0suHy1HWApXi9NZhw5o,FALSE,https://open.spotify.com/track/2rG0suHy1HWApXi9NZhw5o,(III),G,major,G major
Crystal Castles,7K3zpFXBvPcvzhj7zlGJdO,5nHvMBqwzqQIFdVFE1BIcx,album,,2011-01-01,2011,day,0.433,0.902,4,-4.466,0,0.0949,0.105,1.05e-4,0.385,0.214,105.002,6OZR1WQ2yDQSUUROZSXkXP,https://api.spotify.com/v1/audio-analysis/6OZR1WQ2yDQSUUROZSXkXP,4,,,1,161600,FALSE,https://api.spotify.com/v1/tracks/6OZR1WQ2yDQSUUROZSXkXP,Fainting Spells,https://p.scdn.co/mp3-preview/1392310e50e13bf1f456bb30e91c63d86db95d4f?cid=44d2bf313213443d937a4d3c616f0bdf,1,track,spotify:track:6OZR1WQ2yDQSUUROZSXkXP,FALSE,https://open.spotify.com/track/6OZR1WQ2yDQSUUROZSXkXP,(II),E,minor,E minor
Crystal Castles,7K3zpFXBvPcvzhj7zlGJdO,5nHvMBqwzqQIFdVFE1BIcx,album,,2011-01-01,2011,day,0.552,0.695,11,-5.81,0,0.0334,0.0186,0.011,0.116,0.299,126,1V51R4wI7LbOzEewxXqv0x,https://api.spotify.com/v1/audio-analysis/1V51R4wI7LbOzEewxXqv0x,3,,,1,228400,FALSE,https://api.spotify.com/v1/tracks/1V51R4wI7LbOzEewxXqv0x,Celestica,https://p.scdn.co/mp3-preview/5f714049c2c44d346e7fb3faf773c42c6cb2977a?cid=44d2bf313213443d937a4d3c616f0bdf,2,track,spotify:track:1V51R4wI7LbOzEewxXqv0x,FALSE,https://open.spotify.com/track/1V51R4wI7LbOzEewxXqv0x,(II),B,minor,B minor
Crystal Castles,7K3zpFXBvPcvzhj7zlGJdO,5nHvMBqwzqQIFdVFE1BIcx,album,,2011-01-01,2011,day,0.5,0.976,1,-3.984,0,0.364,4.92e-4,0.0182,0.601,0.856,184.03,5WKFJNfiN0iYvUq1cG3P7r,https://api.spotify.com/v1/audio-analysis/5WKFJNfiN0iYvUq1cG3P7r,4,,,1,95680,FALSE,https://api.spotify.com/v1/tracks/5WKFJNfiN0iYvUq1cG3P7r,"Doe Deer - 12"" Version",https://p.scdn.co/mp3-preview/70ba24340d1b618d637d552aba18b74f7a612f09?cid=44d2bf313213443d937a4d3c616f0bdf,3,track,spotify:track:5WKFJNfiN0iYvUq1cG3P7r,FALSE,https://open.spotify.com/track/5WKFJNfiN0iYvUq1cG3P7r,(II),C#,minor,C# minor
Crystal Castles,7K3zpFXBvPcvzhj7zlGJdO,5nHvMBqwzqQIFdVFE1BIcx,album,,2011-01-01,2011,day,0.689,0.815,11,-4.823,0,0.0422,0.00255,0.544,0.813,0.143,119.965,6o6LZURUcxKL7wvZ9VZAwP,https://api.spotify.com/v1/audio-analysis/6o6LZURUcxKL7wvZ9VZAwP,4,,,1,251440,FALSE,https://api.spotify.com/v1/tracks/6o6LZURUcxKL7wvZ9VZAwP,Baptism,https://p.scdn.co/mp3-preview/6be7d7027266e78d82031b8cc0aa650a60da71f9?cid=44d2bf313213443d937a4d3c616f0bdf,4,track,spotify:track:6o6LZURUcxKL7wvZ9VZAwP,FALSE,https://open.spotify.com/track/6o6LZURUcxKL7wvZ9VZAwP,(II),B,minor,B minor
Crystal Castles,7K3zpFXBvPcvzhj7zlGJdO,5nHvMBqwzqQIFdVFE1BIcx,album,,2011-01-01,2011,day,0.53,0.864,10,-3.931,0,0.0645,0.0037200000000000002,0,0.244,0.141,115.241,0k89iYjMxDrbPHgblhBTLx,https://api.spotify.com/v1/audio-analysis/0k89iYjMxDrbPHgblhBTLx,4,,,1,292080,FALSE,https://api.spotify.com/v1/tracks/0k89iYjMxDrbPHgblhBTLx,Year Of Silence,https://p.scdn.co/mp3-preview/c77762b31b049b49110245fa2906682da91ebd9d?cid=44d2bf313213443d937a4d3c616f0bdf,5,track,spotify:track:0k89iYjMxDrbPHgblhBTLx,FALSE,https://open.spotify.com/track/0k89iYjMxDrbPHgblhBTLx,(II),A#,minor,A# minor
Crystal Castles,7K3zpFXBvPcvzhj7zlGJdO,5nHvMBqwzqQIFdVFE1BIcx,album,,2011-01-01,2011,day,0.51,0.914,7,-5.512,0,0.0309,0.125,0.461,0.466,0.333,109.975,0e6GgeR15Pq0dE2ZTCT76k,https://api.spotify.com/v1/audio-analysis/0e6GgeR15Pq0dE2ZTCT76k,4,,,1,249520,FALSE,https://api.spotify.com/v1/tracks/0e6GgeR15Pq0dE2ZTCT76k,Empathy,https://p.scdn.co/mp3-preview/ead98d05aad4d1ae4c755dccb9260adb61ff1f0d?cid=44d2bf313213443d937a4d3c616f0bdf,6,track,spotify:track:0e6GgeR15Pq0dE2ZTCT76k,FALSE,https://open.spotify.com/track/0e6GgeR15Pq0dE2ZTCT76k,(II),G,minor,G minor
Crystal Castles,7K3zpFXBvPcvzhj7zlGJdO,5nHvMBqwzqQIFdVFE1BIcx,album,,2011-01-01,2011,day,0.545,0.704,11,-5.778,1,0.03,0.00255,0.0627,0.242,0.154,119.954,6GaBzGqQSA6GWfIxR5R98J,https://api.spotify.com/v1/audio-analysis/6GaBzGqQSA6GWfIxR5R98J,4,,,1,240626,FALSE,https://api.spotify.com/v1/tracks/6GaBzGqQSA6GWfIxR5R98J,Suffocation,https://p.scdn.co/mp3-preview/0ad4d39c57da3338f1ecd475eddd5340eb75f60c?cid=44d2bf313213443d937a4d3c616f0bdf,7,track,spotify:track:6GaBzGqQSA6GWfIxR5R98J,FALSE,https://open.spotify.com/track/6GaBzGqQSA6GWfIxR5R98J,(II),B,major,B major
Crystal Castles,7K3zpFXBvPcvzhj7zlGJdO,5nHvMBqwzqQIFdVFE1BIcx,album,,2011-01-01,2011,day,0.558,0.333,9,-11.41,0,0.0324,0.528,0,0.089,0.0761,113.938,0GkCfTTlG1MHqKWibnKtie,https://api.spotify.com/v1/audio-analysis/0GkCfTTlG1MHqKWibnKtie,4,,,1,273493,FALSE,https://api.spotify.com/v1/tracks/0GkCfTTlG1MHqKWibnKtie,Violent Dreams,https://p.scdn.co/mp3-preview/56dbc57ac2d87c3ff38dc2bac12ca7e1ea17a0ca?cid=44d2bf313213443d937a4d3c616f0bdf,8,track,spotify:track:0GkCfTTlG1MHqKWibnKtie,FALSE,https://open.spotify.com/track/0GkCfTTlG1MHqKWibnKtie,(II),A,minor,A minor
Crystal Castles,7K3zpFXBvPcvzhj7zlGJdO,5nHvMBqwzqQIFdVFE1BIcx,album,,2011-01-01,2011,day,0.565,0.961,1,-5.146,1,0.0941,0.0128,0.868,0.383,0.16,121.967,6eIRvx2P58RyNBrkAmjXwD,https://api.spotify.com/v1/audio-analysis/6eIRvx2P58RyNBrkAmjXwD,4,,,1,306453,FALSE,https://api.spotify.com/v1/tracks/6eIRvx2P58RyNBrkAmjXwD,Vietnam,https://p.scdn.co/mp3-preview/2d639769d1c60c6808537f20a50f5268f668d969?cid=44d2bf313213443d937a4d3c616f0bdf,9,track,spotify:track:6eIRvx2P58RyNBrkAmjXwD,FALSE,https://open.spotify.com/track/6eIRvx2P58RyNBrkAmjXwD,(II),C#,major,C# major
Crystal Castles,7K3zpFXBvPcvzhj7zlGJdO,5nHvMBqwzqQIFdVFE1BIcx,album,,2011-01-01,2011,day,0.361,0.916,11,-3.461,0,0.468,3.65e-4,0.775,0.278,0.303,207.889,1NktE4tRlsYbxGMLaKL6Le,https://api.spotify.com/v1/audio-analysis/1NktE4tRlsYbxGMLaKL6Le,1,,,1,149386,FALSE,https://api.spotify.com/v1/tracks/1NktE4tRlsYbxGMLaKL6Le,Birds,https://p.scdn.co/mp3-preview/a9f62b4bd54eb6cf87475ff8798403f2e254f4e8?cid=44d2bf313213443d937a4d3c616f0bdf,10,track,spotify:track:1NktE4tRlsYbxGMLaKL6Le,FALSE,https://open.spotify.com/track/1NktE4tRlsYbxGMLaKL6Le,(II),B,minor,B minor
Crystal Castles,7K3zpFXBvPcvzhj7zlGJdO,5nHvMBqwzqQIFdVFE1BIcx,album,,2011-01-01,2011,day,0.59,0.845,11,-4.196,0,0.0458,1.17e-4,1.65e-4,0.342,0.787,121.967,5E1S3JcwqYQNPUqolQQa9R,https://api.spotify.com/v1/audio-analysis/5E1S3JcwqYQNPUqolQQa9R,4,,,1,221093,FALSE,https://api.spotify.com/v1/tracks/5E1S3JcwqYQNPUqolQQa9R,Pap Smear,https://p.scdn.co/mp3-preview/9234985a798ad53bc2cb06c3e57e25008f5c3eac?cid=44d2bf313213443d937a4d3c616f0bdf,11,track,spotify:track:5E1S3JcwqYQNPUqolQQa9R,FALSE,https://open.spotify.com/track/5E1S3JcwqYQNPUqolQQa9R,(II),B,minor,B minor
Crystal Castles,7K3zpFXBvPcvzhj7zlGJdO,5nHvMBqwzqQIFdVFE1BIcx,album,,2011-01-01,2011,day,0.477,0.98,7,-4.204,0,0.0895,8.42e-4,0.00973,0.357,0.197,135.902,1Xex5Fnp0MMyg7yjbfFyyK,https://api.spotify.com/v1/audio-analysis/1Xex5Fnp0MMyg7yjbfFyyK,4,,,1,226986,FALSE,https://api.spotify.com/v1/tracks/1Xex5Fnp0MMyg7yjbfFyyK,Not In Love - Radio Version,https://p.scdn.co/mp3-preview/22c3b59af66c320dbb2e26a2e6d95659a1582dfa?cid=44d2bf313213443d937a4d3c616f0bdf,12,track,spotify:track:1Xex5Fnp0MMyg7yjbfFyyK,FALSE,https://open.spotify.com/track/1Xex5Fnp0MMyg7yjbfFyyK,(II),G,minor,G minor
Crystal Castles,7K3zpFXBvPcvzhj7zlGJdO,5nHvMBqwzqQIFdVFE1BIcx,album,,2011-01-01,2011,day,0.532,0.861,1,-4.643,1,0.039,2.13e-4,0.789,0.106,0.549,125.987,41SYY9Elcq6HlWOuREaQAQ,https://api.spotify.com/v1/audio-analysis/41SYY9Elcq6HlWOuREaQAQ,4,,,1,284826,FALSE,https://api.spotify.com/v1/tracks/41SYY9Elcq6HlWOuREaQAQ,Intimate,https://p.scdn.co/mp3-preview/e21bf77294e23b3bb91de76038593fff2711c89a?cid=44d2bf313213443d937a4d3c616f0bdf,13,track,spotify:track:41SYY9Elcq6HlWOuREaQAQ,FALSE,https://open.spotify.com/track/41SYY9Elcq6HlWOuREaQAQ,(II),C#,major,C# major
Crystal Castles,7K3zpFXBvPcvzhj7zlGJdO,5nHvMBqwzqQIFdVFE1BIcx,album,,2011-01-01,2011,day,0.224,0.672,1,-3.95,0,0.0737,0.121,1.55e-5,0.374,0.0506,96.419,37P0EBQFlfaXsJp5WU3euW,https://api.spotify.com/v1/audio-analysis/37P0EBQFlfaXsJp5WU3euW,4,,,1,189386,FALSE,https://api.spotify.com/v1/tracks/37P0EBQFlfaXsJp5WU3euW,I Am Made Of Chalk,https://p.scdn.co/mp3-preview/d539e19dc57a505ed1870d5d366b8871ad556402?cid=44d2bf313213443d937a4d3c616f0bdf,14,track,spotify:track:37P0EBQFlfaXsJp5WU3euW,FALSE,https://open.spotify.com/track/37P0EBQFlfaXsJp5WU3euW,(II),C#,minor,C# minor
Crystal Castles,7K3zpFXBvPcvzhj7zlGJdO,3VsZ5nZGgyH30IDaCP4GeQ,album,,2010-01-01,2010,day,0.433,0.902,4,-4.466,0,0.0949,0.105,1.05e-4,0.385,0.214,105.002,0pL1fegNy8CtHZJOuII7Wa,https://api.spotify.com/v1/audio-analysis/0pL1fegNy8CtHZJOuII7Wa,4,,,1,161600,FALSE,https://api.spotify.com/v1/tracks/0pL1fegNy8CtHZJOuII7Wa,Fainting Spells,https://p.scdn.co/mp3-preview/1392310e50e13bf1f456bb30e91c63d86db95d4f?cid=44d2bf313213443d937a4d3c616f0bdf,1,track,spotify:track:0pL1fegNy8CtHZJOuII7Wa,FALSE,https://open.spotify.com/track/0pL1fegNy8CtHZJOuII7Wa,Crystal Castles (II),E,minor,E minor
Crystal Castles,7K3zpFXBvPcvzhj7zlGJdO,3VsZ5nZGgyH30IDaCP4GeQ,album,,2010-01-01,2010,day,0.552,0.695,11,-5.81,0,0.0334,0.0186,0.011,0.116,0.299,126,325ZSqJnyHg6SNUQQZamVb,https://api.spotify.com/v1/audio-analysis/325ZSqJnyHg6SNUQQZamVb,3,,,1,228400,FALSE,https://api.spotify.com/v1/tracks/325ZSqJnyHg6SNUQQZamVb,Celestica,https://p.scdn.co/mp3-preview/5f714049c2c44d346e7fb3faf773c42c6cb2977a?cid=44d2bf313213443d937a4d3c616f0bdf,2,track,spotify:track:325ZSqJnyHg6SNUQQZamVb,FALSE,https://open.spotify.com/track/325ZSqJnyHg6SNUQQZamVb,Crystal Castles (II),B,minor,B minor
Crystal Castles,7K3zpFXBvPcvzhj7zlGJdO,3VsZ5nZGgyH30IDaCP4GeQ,album,,2010-01-01,2010,day,0.5,0.976,1,-3.984,0,0.364,4.92e-4,0.0182,0.601,0.856,184.03,1Oq4Uft00HG1Q2QJWJ9seW,https://api.spotify.com/v1/audio-analysis/1Oq4Uft00HG1Q2QJWJ9seW,4,,,1,95680,FALSE,https://api.spotify.com/v1/tracks/1Oq4Uft00HG1Q2QJWJ9seW,"Doe Deer - 12"" Version",https://p.scdn.co/mp3-preview/70ba24340d1b618d637d552aba18b74f7a612f09?cid=44d2bf313213443d937a4d3c616f0bdf,3,track,spotify:track:1Oq4Uft00HG1Q2QJWJ9seW,FALSE,https://open.spotify.com/track/1Oq4Uft00HG1Q2QJWJ9seW,Crystal Castles (II),C#,minor,C# minor
Crystal Castles,7K3zpFXBvPcvzhj7zlGJdO,3VsZ5nZGgyH30IDaCP4GeQ,album,,2010-01-01,2010,day,0.689,0.815,11,-4.823,0,0.0422,0.00255,0.544,0.813,0.143,119.965,4GJTbB9FNkGkvf6dxl22qW,https://api.spotify.com/v1/audio-analysis/4GJTbB9FNkGkvf6dxl22qW,4,,,1,251440,FALSE,https://api.spotify.com/v1/tracks/4GJTbB9FNkGkvf6dxl22qW,Baptism,https://p.scdn.co/mp3-preview/6be7d7027266e78d82031b8cc0aa650a60da71f9?cid=44d2bf313213443d937a4d3c616f0bdf,4,track,spotify:track:4GJTbB9FNkGkvf6dxl22qW,FALSE,https://open.spotify.com/track/4GJTbB9FNkGkvf6dxl22qW,Crystal Castles (II),B,minor,B minor
Crystal Castles,7K3zpFXBvPcvzhj7zlGJdO,3VsZ5nZGgyH30IDaCP4GeQ,album,,2010-01-01,2010,day,0.53,0.864,10,-3.931,0,0.0645,0.0037200000000000002,0,0.244,0.141,115.241,7fmN0e0igEaff8Xd7pj31W,https://api.spotify.com/v1/audio-analysis/7fmN0e0igEaff8Xd7pj31W,4,,,1,292080,FALSE,https://api.spotify.com/v1/tracks/7fmN0e0igEaff8Xd7pj31W,Year Of Silence,https://p.scdn.co/mp3-preview/c77762b31b049b49110245fa2906682da91ebd9d?cid=44d2bf313213443d937a4d3c616f0bdf,5,track,spotify:track:7fmN0e0igEaff8Xd7pj31W,FALSE,https://open.spotify.com/track/7fmN0e0igEaff8Xd7pj31W,Crystal Castles (II),A#,minor,A# minor
Crystal Castles,7K3zpFXBvPcvzhj7zlGJdO,3VsZ5nZGgyH30IDaCP4GeQ,album,,2010-01-01,2010,day,0.51,0.914,7,-5.512,0,0.0309,0.125,0.461,0.466,0.333,109.975,3nr48k3PusaqNAmWaGcdfv,https://api.spotify.com/v1/audio-analysis/3nr48k3PusaqNAmWaGcdfv,4,,,1,249520,FALSE,https://api.spotify.com/v1/tracks/3nr48k3PusaqNAmWaGcdfv,Empathy,https://p.scdn.co/mp3-preview/ead98d05aad4d1ae4c755dccb9260adb61ff1f0d?cid=44d2bf313213443d937a4d3c616f0bdf,6,track,spotify:track:3nr48k3PusaqNAmWaGcdfv,FALSE,https://open.spotify.com/track/3nr48k3PusaqNAmWaGcdfv,Crystal Castles (II),G,minor,G minor
Crystal Castles,7K3zpFXBvPcvzhj7zlGJdO,3VsZ5nZGgyH30IDaCP4GeQ,album,,2010-01-01,2010,day,0.545,0.704,11,-5.778,1,0.03,0.00255,0.0627,0.242,0.154,119.954,5ngTZfaLbdMgN8WoCOh0d4,https://api.spotify.com/v1/audio-analysis/5ngTZfaLbdMgN8WoCOh0d4,4,,,1,240626,FALSE,https://api.spotify.com/v1/tracks/5ngTZfaLbdMgN8WoCOh0d4,Suffocation,https://p.scdn.co/mp3-preview/0ad4d39c57da3338f1ecd475eddd5340eb75f60c?cid=44d2bf313213443d937a4d3c616f0bdf,7,track,spotify:track:5ngTZfaLbdMgN8WoCOh0d4,FALSE,https://open.spotify.com/track/5ngTZfaLbdMgN8WoCOh0d4,Crystal Castles (II),B,major,B major
Crystal Castles,7K3zpFXBvPcvzhj7zlGJdO,3VsZ5nZGgyH30IDaCP4GeQ,album,,2010-01-01,2010,day,0.558,0.333,9,-11.41,0,0.0324,0.528,0,0.089,0.0761,113.938,1Gz8T8noXB0hSjcSycrfZw,https://api.spotify.com/v1/audio-analysis/1Gz8T8noXB0hSjcSycrfZw,4,,,1,273493,FALSE,https://api.spotify.com/v1/tracks/1Gz8T8noXB0hSjcSycrfZw,Violent Dreams,https://p.scdn.co/mp3-preview/56dbc57ac2d87c3ff38dc2bac12ca7e1ea17a0ca?cid=44d2bf313213443d937a4d3c616f0bdf,8,track,spotify:track:1Gz8T8noXB0hSjcSycrfZw,FALSE,https://open.spotify.com/track/1Gz8T8noXB0hSjcSycrfZw,Crystal Castles (II),A,minor,A minor
Crystal Castles,7K3zpFXBvPcvzhj7zlGJdO,3VsZ5nZGgyH30IDaCP4GeQ,album,,2010-01-01,2010,day,0.565,0.961,1,-5.146,1,0.0941,0.0128,0.868,0.383,0.16,121.967,1KuorL0TWWgu4GZqnyv29K,https://api.spotify.com/v1/audio-analysis/1KuorL0TWWgu4GZqnyv29K,4,,,1,306453,FALSE,https://api.spotify.com/v1/tracks/1KuorL0TWWgu4GZqnyv29K,Vietnam,https://p.scdn.co/mp3-preview/2d639769d1c60c6808537f20a50f5268f668d969?cid=44d2bf313213443d937a4d3c616f0bdf,9,track,spotify:track:1KuorL0TWWgu4GZqnyv29K,FALSE,https://open.spotify.com/track/1KuorL0TWWgu4GZqnyv29K,Crystal Castles (II),C#,major,C# major
Crystal Castles,7K3zpFXBvPcvzhj7zlGJdO,3VsZ5nZGgyH30IDaCP4GeQ,album,,2010-01-01,2010,day,0.361,0.916,11,-3.461,0,0.468,3.65e-4,0.775,0.278,0.303,207.889,6jB5jSpPC39TsXau83jHRH,https://api.spotify.com/v1/audio-analysis/6jB5jSpPC39TsXau83jHRH,1,,,1,149386,FALSE,https://api.spotify.com/v1/tracks/6jB5jSpPC39TsXau83jHRH,Birds,https://p.scdn.co/mp3-preview/a9f62b4bd54eb6cf87475ff8798403f2e254f4e8?cid=44d2bf313213443d937a4d3c616f0bdf,10,track,spotify:track:6jB5jSpPC39TsXau83jHRH,FALSE,https://open.spotify.com/track/6jB5jSpPC39TsXau83jHRH,Crystal Castles (II),B,minor,B minor
Crystal Castles,7K3zpFXBvPcvzhj7zlGJdO,3VsZ5nZGgyH30IDaCP4GeQ,album,,2010-01-01,2010,day,0.59,0.845,11,-4.196,0,0.0458,1.17e-4,1.65e-4,0.35,0.787,121.967,6O230seD78SlP6wOWSkfVx,https://api.spotify.com/v1/audio-analysis/6O230seD78SlP6wOWSkfVx,4,,,1,220986,FALSE,https://api.spotify.com/v1/tracks/6O230seD78SlP6wOWSkfVx,Pap Smear,https://p.scdn.co/mp3-preview/9234985a798ad53bc2cb06c3e57e25008f5c3eac?cid=44d2bf313213443d937a4d3c616f0bdf,11,track,spotify:track:6O230seD78SlP6wOWSkfVx,FALSE,https://open.spotify.com/track/6O230seD78SlP6wOWSkfVx,Crystal Castles (II),B,minor,B minor
Crystal Castles,7K3zpFXBvPcvzhj7zlGJdO,3VsZ5nZGgyH30IDaCP4GeQ,album,,2010-01-01,2010,day,0.451,0.951,10,-3.606,0,0.0491,2.45e-4,0.67,0.359,0.308,136.008,5pSUjdZs1w7k6o44ej11Sa,https://api.spotify.com/v1/audio-analysis/5pSUjdZs1w7k6o44ej11Sa,4,,,1,210573,FALSE,https://api.spotify.com/v1/tracks/5pSUjdZs1w7k6o44ej11Sa,Not In Love,https://p.scdn.co/mp3-preview/fcfd5d4f93882ec5e399102ab044613885a93f70?cid=44d2bf313213443d937a4d3c616f0bdf,12,track,spotify:track:5pSUjdZs1w7k6o44ej11Sa,FALSE,https://open.spotify.com/track/5pSUjdZs1w7k6o44ej11Sa,Crystal Castles (II),A#,minor,A# minor
Crystal Castles,7K3zpFXBvPcvzhj7zlGJdO,3VsZ5nZGgyH30IDaCP4GeQ,album,,2010-01-01,2010,day,0.533,0.874,1,-4.646,1,0.0387,2.49e-4,0.846,0.0978,0.574,125.988,1mQi6sctbrJZfQkA3fOH8M,https://api.spotify.com/v1/audio-analysis/1mQi6sctbrJZfQkA3fOH8M,4,,,1,284693,FALSE,https://api.spotify.com/v1/tracks/1mQi6sctbrJZfQkA3fOH8M,Intimate,https://p.scdn.co/mp3-preview/b1ef185cffd5427516b46885a52253f5429ef35c?cid=44d2bf313213443d937a4d3c616f0bdf,13,track,spotify:track:1mQi6sctbrJZfQkA3fOH8M,FALSE,https://open.spotify.com/track/1mQi6sctbrJZfQkA3fOH8M,Crystal Castles (II),C#,major,C# major
Crystal Castles,7K3zpFXBvPcvzhj7zlGJdO,3VsZ5nZGgyH30IDaCP4GeQ,album,,2010-01-01,2010,day,0.217,0.664,1,-3.961,0,0.0724,0.119,1.09e-5,0.379,0.0439,95.019,0N55UFtSgaNqJz1VQufTTP,https://api.spotify.com/v1/audio-analysis/0N55UFtSgaNqJz1VQufTTP,4,,,1,187453,FALSE,https://api.spotify.com/v1/tracks/0N55UFtSgaNqJz1VQufTTP,I Am Made Of Chalk,https://p.scdn.co/mp3-preview/b8c74a532e1d61ff416f39fe51e1ecc95f29e62e?cid=44d2bf313213443d937a4d3c616f0bdf,14,track,spotify:track:0N55UFtSgaNqJz1VQufTTP,FALSE,https://open.spotify.com/track/0N55UFtSgaNqJz1VQufTTP,Crystal Castles (II),C#,minor,C# minor
Crystal Castles,7K3zpFXBvPcvzhj7zlGJdO,3VsZ5nZGgyH30IDaCP4GeQ,album,,2010-01-01,2010,day,0.522,0.828,7,-4.241,0,0.032,0.0149,0.728,0.167,0.247,135.943,7FJJXfEENUOqyZdWUbeXBD,https://api.spotify.com/v1/audio-analysis/7FJJXfEENUOqyZdWUbeXBD,4,,,1,303960,FALSE,https://api.spotify.com/v1/tracks/7FJJXfEENUOqyZdWUbeXBD,Suffocation - Memory Tapes Remix,https://p.scdn.co/mp3-preview/68dbcbe5e55e339eec1bedb649824c51f8199908?cid=44d2bf313213443d937a4d3c616f0bdf,15,track,spotify:track:7FJJXfEENUOqyZdWUbeXBD,FALSE,https://open.spotify.com/track/7FJJXfEENUOqyZdWUbeXBD,Crystal Castles (II),G,minor,G minor
Crystal Castles,7K3zpFXBvPcvzhj7zlGJdO,3VsZ5nZGgyH30IDaCP4GeQ,album,,2010-01-01,2010,day,0.547,0.858,9,-5,1,0.0367,7.29e-4,0.141,0.0904,0.697,125.969,4cu90C637qg062jDV1ti6o,https://api.spotify.com/v1/audio-analysis/4cu90C637qg062jDV1ti6o,4,,,1,216520,FALSE,https://api.spotify.com/v1/tracks/4cu90C637qg062jDV1ti6o,Celestica - Thurston Moore Remix,https://p.scdn.co/mp3-preview/ec99f1ac03d232d292f15215fb1b81fab666ec26?cid=44d2bf313213443d937a4d3c616f0bdf,16,track,spotify:track:4cu90C637qg062jDV1ti6o,FALSE,https://open.spotify.com/track/4cu90C637qg062jDV1ti6o,Crystal Castles (II),A,major,A major
Crystal Castles,7K3zpFXBvPcvzhj7zlGJdO,3VsZ5nZGgyH30IDaCP4GeQ,album,,2010-01-01,2010,day,0.529,0.985,9,-6.594,1,0.0577,0.0576,0.132,0.192,0.397,125.994,0rHNzG9qfaAO7P14NQvG4Z,https://api.spotify.com/v1/audio-analysis/0rHNzG9qfaAO7P14NQvG4Z,4,,,1,206533,FALSE,https://api.spotify.com/v1/tracks/0rHNzG9qfaAO7P14NQvG4Z,Celestica - Bear In Heaven Remix,https://p.scdn.co/mp3-preview/36e83f230db502523e04fbf368c64d1e695ba4bf?cid=44d2bf313213443d937a4d3c616f0bdf,17,track,spotify:track:0rHNzG9qfaAO7P14NQvG4Z,FALSE,https://open.spotify.com/track/0rHNzG9qfaAO7P14NQvG4Z,Crystal Castles (II),A,major,A major
Crystal Castles,7K3zpFXBvPcvzhj7zlGJdO,6rTfUUv8Kefr6Uo3AaecXi,album,,2008-03-18,2008,day,0.609,0.807,11,-5.405,0,0.0283,0.0376,0.201,0.13,0.203,125.91,3d8zIv577en5PxwwAzadN2,https://api.spotify.com/v1/audio-analysis/3d8zIv577en5PxwwAzadN2,4,,,1,186373,FALSE,https://api.spotify.com/v1/tracks/3d8zIv577en5PxwwAzadN2,Untrust Us,https://p.scdn.co/mp3-preview/fcdfb03210f5f024cfcd1a57081b6756d4733788?cid=44d2bf313213443d937a4d3c616f0bdf,1,track,spotify:track:3d8zIv577en5PxwwAzadN2,FALSE,https://open.spotify.com/track/3d8zIv577en5PxwwAzadN2,Crystal Castles,B,minor,B minor
Crystal Castles,7K3zpFXBvPcvzhj7zlGJdO,6rTfUUv8Kefr6Uo3AaecXi,album,,2008-03-18,2008,day,0.588,0.73,1,-3.048,1,0.0893,6.69e-6,5.19e-4,0.0724,0.487,131.18,6rnPYe750GNdwDB6UESmKW,https://api.spotify.com/v1/audio-analysis/6rnPYe750GNdwDB6UESmKW,4,,,1,161373,FALSE,https://api.spotify.com/v1/tracks/6rnPYe750GNdwDB6UESmKW,Alice Practice,https://p.scdn.co/mp3-preview/f2435f24933f79c0c57c25d15990b9700655e638?cid=44d2bf313213443d937a4d3c616f0bdf,2,track,spotify:track:6rnPYe750GNdwDB6UESmKW,FALSE,https://open.spotify.com/track/6rnPYe750GNdwDB6UESmKW,Crystal Castles,C#,major,C# major
Crystal Castles,7K3zpFXBvPcvzhj7zlGJdO,6rTfUUv8Kefr6Uo3AaecXi,album,,2008-03-18,2008,day,0.747,0.691,4,-7.533,0,0.0402,0.183,0.0259,0.205,0.887,119.982,1xzsEmaU4IXjvxxwQlA8Lz,https://api.spotify.com/v1/audio-analysis/1xzsEmaU4IXjvxxwQlA8Lz,4,,,1,258453,FALSE,https://api.spotify.com/v1/tracks/1xzsEmaU4IXjvxxwQlA8Lz,Crimewave,https://p.scdn.co/mp3-preview/1a568dac2d6f2abc863b52c69dd38707c7e5af6a?cid=44d2bf313213443d937a4d3c616f0bdf,3,track,spotify:track:1xzsEmaU4IXjvxxwQlA8Lz,FALSE,https://open.spotify.com/track/1xzsEmaU4IXjvxxwQlA8Lz,Crystal Castles,E,minor,E minor
Crystal Castles,7K3zpFXBvPcvzhj7zlGJdO,6rTfUUv8Kefr6Uo3AaecXi,album,,2008-03-18,2008,day,0.745,0.696,4,-9.906,1,0.0536,0.846,0.89,0.101,0.339,104.97,7esXWPJMdlXfgho3zlwbqv,https://api.spotify.com/v1/audio-analysis/7esXWPJMdlXfgho3zlwbqv,4,,,1,366866,FALSE,https://api.spotify.com/v1/tracks/7esXWPJMdlXfgho3zlwbqv,Magic Spells,https://p.scdn.co/mp3-preview/1ce6c2bf892cdbc829d860dfe94c2863060b664c?cid=44d2bf313213443d937a4d3c616f0bdf,4,track,spotify:track:7esXWPJMdlXfgho3zlwbqv,FALSE,https://open.spotify.com/track/7esXWPJMdlXfgho3zlwbqv,Crystal Castles,E,major,E major
Crystal Castles,7K3zpFXBvPcvzhj7zlGJdO,6rTfUUv8Kefr6Uo3AaecXi,album,,2008-03-18,2008,day,0.528,0.84,6,-3.589,1,0.0479,1.6e-5,8.11e-5,0.21,0.449,80.537,0EJGTLcUF5V5bWedbdxfvR,https://api.spotify.com/v1/audio-analysis/0EJGTLcUF5V5bWedbdxfvR,4,,,1,113800,TRUE,https://api.spotify.com/v1/tracks/0EJGTLcUF5V5bWedbdxfvR,xxzxcuzx me,https://p.scdn.co/mp3-preview/8e1afcc6e6b25523fb7f3e7d5a4679c1a193ec15?cid=44d2bf313213443d937a4d3c616f0bdf,5,track,spotify:track:0EJGTLcUF5V5bWedbdxfvR,FALSE,https://open.spotify.com/track/0EJGTLcUF5V5bWedbdxfvR,Crystal Castles,F#,major,F# major
Crystal Castles,7K3zpFXBvPcvzhj7zlGJdO,6rTfUUv8Kefr6Uo3AaecXi,album,,2008-03-18,2008,day,0.769,0.806,0,-3.833,1,0.0876,0.0482,0.0625,0.705,0.516,120.001,5q87b5QgY2fljeY0DtNp4q,https://api.spotify.com/v1/audio-analysis/5q87b5QgY2fljeY0DtNp4q,4,,,1,252266,FALSE,https://api.spotify.com/v1/tracks/5q87b5QgY2fljeY0DtNp4q,Air War,https://p.scdn.co/mp3-preview/fad390be2d90dab9637896be75efbfb018b5e50d?cid=44d2bf313213443d937a4d3c616f0bdf,6,track,spotify:track:5q87b5QgY2fljeY0DtNp4q,FALSE,https://open.spotify.com/track/5q87b5QgY2fljeY0DtNp4q,Crystal Castles,C,major,C major
Crystal Castles,7K3zpFXBvPcvzhj7zlGJdO,6rTfUUv8Kefr6Uo3AaecXi,album,,2008-03-18,2008,day,0.735,0.579,0,-6.851,0,0.0407,0.0146,0.223,0.144,0.729,119.991,3zKQDZQTHkUV6bYHNhzbGv,https://api.spotify.com/v1/audio-analysis/3zKQDZQTHkUV6bYHNhzbGv,4,,,1,210453,FALSE,https://api.spotify.com/v1/tracks/3zKQDZQTHkUV6bYHNhzbGv,Courtship Dating,https://p.scdn.co/mp3-preview/2787071cbb663159ca23f2afe91178fcf7acf749?cid=44d2bf313213443d937a4d3c616f0bdf,7,track,spotify:track:3zKQDZQTHkUV6bYHNhzbGv,FALSE,https://open.spotify.com/track/3zKQDZQTHkUV6bYHNhzbGv,Crystal Castles,C,minor,C minor
Crystal Castles,7K3zpFXBvPcvzhj7zlGJdO,6rTfUUv8Kefr6Uo3AaecXi,album,,2008-03-18,2008,day,0.705,0.843,11,-7.293,0,0.0301,0.0253,0.0117,0.103,0.689,121.027,2mDVgjGXkCMFde7a2mte2q,https://api.spotify.com/v1/audio-analysis/2mDVgjGXkCMFde7a2mte2q,4,,,1,175520,FALSE,https://api.spotify.com/v1/tracks/2mDVgjGXkCMFde7a2mte2q,Good Time,https://p.scdn.co/mp3-preview/cd255d45aa4e14ca186934c9c8186f50c53c1e6c?cid=44d2bf313213443d937a4d3c616f0bdf,8,track,spotify:track:2mDVgjGXkCMFde7a2mte2q,FALSE,https://open.spotify.com/track/2mDVgjGXkCMFde7a2mte2q,Crystal Castles,B,minor,B minor
Crystal Castles,7K3zpFXBvPcvzhj7zlGJdO,6rTfUUv8Kefr6Uo3AaecXi,album,,2008-03-18,2008,day,0.577,0.892,6,-7.803,0,0.0382,0.00286,0.0146,0.0856,0.788,120,53vhpi8TTXGJvwVjFMuzu7,https://api.spotify.com/v1/audio-analysis/53vhpi8TTXGJvwVjFMuzu7,4,,,1,113506,FALSE,https://api.spotify.com/v1/tracks/53vhpi8TTXGJvwVjFMuzu7,1991,https://p.scdn.co/mp3-preview/8475a25b9f408c956f845097ca1fc8f5e7d27cce?cid=44d2bf313213443d937a4d3c616f0bdf,9,track,spotify:track:53vhpi8TTXGJvwVjFMuzu7,FALSE,https://open.spotify.com/track/53vhpi8TTXGJvwVjFMuzu7,Crystal Castles,F#,minor,F# minor
Crystal Castles,7K3zpFXBvPcvzhj7zlGJdO,6rTfUUv8Kefr6Uo3AaecXi,album,,2008-03-18,2008,day,0.713,0.868,0,-6.644,0,0.0305,0.00206,9.26e-5,0.225,0.641,119.98,4bQ7mjty0UVlKRalhizpGT,https://api.spotify.com/v1/audio-analysis/4bQ7mjty0UVlKRalhizpGT,4,,,1,242960,FALSE,https://api.spotify.com/v1/tracks/4bQ7mjty0UVlKRalhizpGT,Vanished,https://p.scdn.co/mp3-preview/130b7ef865d7e6fee1b56ee7d9ddfd719c9438aa?cid=44d2bf313213443d937a4d3c616f0bdf,10,track,spotify:track:4bQ7mjty0UVlKRalhizpGT,FALSE,https://open.spotify.com/track/4bQ7mjty0UVlKRalhizpGT,Crystal Castles,C,minor,C minor
Crystal Castles,7K3zpFXBvPcvzhj7zlGJdO,6rTfUUv8Kefr6Uo3AaecXi,album,,2008-03-18,2008,day,0.605,0.588,8,-5.924,0,0.0339,1.43e-5,0.609,0.0927,0.81,111.989,2Q4hl7psP5tVG6rOYZk0m0,https://api.spotify.com/v1/audio-analysis/2Q4hl7psP5tVG6rOYZk0m0,4,,,1,193706,FALSE,https://api.spotify.com/v1/tracks/2Q4hl7psP5tVG6rOYZk0m0,Knights,https://p.scdn.co/mp3-preview/4a861ec4845a0caeb9fc4086b9e9a7d5afbe708f?cid=44d2bf313213443d937a4d3c616f0bdf,11,track,spotify:track:2Q4hl7psP5tVG6rOYZk0m0,FALSE,https://open.spotify.com/track/2Q4hl7psP5tVG6rOYZk0m0,Crystal Castles,G#,minor,G# minor
Crystal Castles,7K3zpFXBvPcvzhj7zlGJdO,6rTfUUv8Kefr6Uo3AaecXi,album,,2008-03-18,2008,day,0.51,0.633,1,-2.95,1,0.13,2.97e-6,0.0209,0.102,0.8,131.986,36oxp49AoodaUOdMABt2gi,https://api.spotify.com/v1/audio-analysis/36oxp49AoodaUOdMABt2gi,4,,,1,138920,TRUE,https://api.spotify.com/v1/tracks/36oxp49AoodaUOdMABt2gi,Love And Caring,https://p.scdn.co/mp3-preview/798da8c797b6715d464e3f73eb2851c538cb5a75?cid=44d2bf313213443d937a4d3c616f0bdf,12,track,spotify:track:36oxp49AoodaUOdMABt2gi,FALSE,https://open.spotify.com/track/36oxp49AoodaUOdMABt2gi,Crystal Castles,C#,major,C# major
Crystal Castles,7K3zpFXBvPcvzhj7zlGJdO,6rTfUUv8Kefr6Uo3AaecXi,album,,2008-03-18,2008,day,0.662,0.902,1,-7.464,1,0.0346,0.001,0.401,0.327,0.737,120.011,76Sl8UKNB6ACcrg6pjOopx,https://api.spotify.com/v1/audio-analysis/76Sl8UKNB6ACcrg6pjOopx,4,,,1,186920,FALSE,https://api.spotify.com/v1/tracks/76Sl8UKNB6ACcrg6pjOopx,Through The Hosiery,https://p.scdn.co/mp3-preview/037f20d79b9b36eb078fef46b6199bab179fd24d?cid=44d2bf313213443d937a4d3c616f0bdf,13,track,spotify:track:76Sl8UKNB6ACcrg6pjOopx,FALSE,https://open.spotify.com/track/76Sl8UKNB6ACcrg6pjOopx,Crystal Castles,C#,major,C# major
Crystal Castles,7K3zpFXBvPcvzhj7zlGJdO,6rTfUUv8Kefr6Uo3AaecXi,album,,2008-03-18,2008,day,0.489,0.758,6,-8.366,0,0.0297,2.62e-4,0.944,0.491,0.677,120.001,6iJrkignemcwQ6JC212kUk,https://api.spotify.com/v1/audio-analysis/6iJrkignemcwQ6JC212kUk,4,,,1,208400,FALSE,https://api.spotify.com/v1/tracks/6iJrkignemcwQ6JC212kUk,Reckless,https://p.scdn.co/mp3-preview/ef7c56b70ab9baccb5ef6295a6b3a436aacec5ca?cid=44d2bf313213443d937a4d3c616f0bdf,14,track,spotify:track:6iJrkignemcwQ6JC212kUk,FALSE,https://open.spotify.com/track/6iJrkignemcwQ6JC212kUk,Crystal Castles,F#,minor,F# minor
Crystal Castles,7K3zpFXBvPcvzhj7zlGJdO,6rTfUUv8Kefr6Uo3AaecXi,album,,2008-03-18,2008,day,0.476,0.814,9,-7.077,0,0.0314,0.00258,0.0125,0.213,0.604,149.878,6T2TuRHYIAw43jaaISnkYq,https://api.spotify.com/v1/audio-analysis/6T2TuRHYIAw43jaaISnkYq,4,,,1,177173,TRUE,https://api.spotify.com/v1/tracks/6T2TuRHYIAw43jaaISnkYq,Black Panther,https://p.scdn.co/mp3-preview/e3f44f69e94f16a3bf1c55dec32674e0eda657b3?cid=44d2bf313213443d937a4d3c616f0bdf,15,track,spotify:track:6T2TuRHYIAw43jaaISnkYq,FALSE,https://open.spotify.com/track/6T2TuRHYIAw43jaaISnkYq,Crystal Castles,A,minor,A minor
Crystal Castles,7K3zpFXBvPcvzhj7zlGJdO,6rTfUUv8Kefr6Uo3AaecXi,album,,2008-03-18,2008,day,0.599,0.602,5,-14.222,1,0.0419,0.809,0.944,0.112,0.143,102.263,1FVL2r35pt2RDeB2dgYsXP,https://api.spotify.com/v1/audio-analysis/1FVL2r35pt2RDeB2dgYsXP,4,,,1,136853,FALSE,https://api.spotify.com/v1/tracks/1FVL2r35pt2RDeB2dgYsXP,Tell Me What To Swallow,https://p.scdn.co/mp3-preview/aed9a1d113c194b66f83c88c625cf08e7eb70852?cid=44d2bf313213443d937a4d3c616f0bdf,16,track,spotify:track:1FVL2r35pt2RDeB2dgYsXP,FALSE,https://open.spotify.com/track/1FVL2r35pt2RDeB2dgYsXP,Crystal Castles,F,major,F major
Crystal Castles,7K3zpFXBvPcvzhj7zlGJdO,6rTfUUv8Kefr6Uo3AaecXi,album,,2008-03-18,2008,day,0.712,0.369,5,-12.608,0,0.094,0.00671,2.73e-4,0.0896,0.152,127.027,1v6pfDQ0msAz5mqal3LBtp,https://api.spotify.com/v1/audio-analysis/1v6pfDQ0msAz5mqal3LBtp,4,,,1,209291,FALSE,https://api.spotify.com/v1/tracks/1v6pfDQ0msAz5mqal3LBtp,Air War - David Wolf Remix,https://p.scdn.co/mp3-preview/2a7f9677d26f2a1ebeb3e2c779b9e68c67adf9da?cid=44d2bf313213443d937a4d3c616f0bdf,17,track,spotify:track:1v6pfDQ0msAz5mqal3LBtp,FALSE,https://open.spotify.com/track/1v6pfDQ0msAz5mqal3LBtp,Crystal Castles,F,minor,F minor
